d_RT_t1,d_ACC_t1,d_RT_t2,d_ACC_t2
0.35105643658365027,0.3009832874920538,0.09531998833987529,0.05081505382287736
